zip5,po_name,primary_ruca,secondary_ruca,ruca_category
00041,West Broward County,10,10,ultra_rural
00042,Southwest Brevard Cnty,1,1,urban
00043,Everglades,2,2,urban
00045,Southeast Marion Cnty,2,2,urban
00053,Southwest Palm Beach Co,1,1,urban
00087,NW Indian River County,10,10,ultra_rural
00097,Everglades-Monroe County,10,10,ultra_rural
00098,Everglades-S Monroe Cnty,10,10,ultra_rural
32003,Fleming Island,1,1,urban
32004,Ponte Vedra Beach,1,1,urban
32006,Fleming Island,1,1,urban
32007,Bostwick,5,5,suburban
32008,Branford,10,10,ultra_rural
32009,Bryceville,2,2,urban
32011,Callahan,2,2,urban
32013,Day,10,10,ultra_rural
32024,Lake City,5,5,suburban
32025,Lake City,4,4,suburban
32030,Doctors Inlet,2,2,urban
32033,Elkton,2,2,urban
32034,Fernandina Beach,1,1.1,urban
32035,Fernandina Beach,1,1.1,urban
32038,Fort White,3,3,urban
32040,Glen Saint Mary,2,2,urban
32041,Yulee,2,2,urban
32042,Graham,2,2,urban
32043,Green Cove Springs,2,2,urban
32044,Hampton,2,2,urban
32046,Hilliard,2,2,urban
32050,Middleburg,2,2,urban
32052,Jasper,10,10,ultra_rural
32053,Jennings,2,2,urban
32054,Lake Butler,10,10.1,ultra_rural
32055,Lake City,5,5,suburban
32056,Lake City,4,4,suburban
32058,Lawtey,3,3,urban
32059,Lee,10,10,ultra_rural
32060,Live Oak,10,10,ultra_rural
32061,Lulu,5,5,suburban
32062,Mc Alpin,6,6,suburban
32063,Macclenny,2,2,urban
32064,Live Oak,10,10,ultra_rural
32065,Orange Park,1,1,urban
32066,Mayo,10,10,ultra_rural
32067,Orange Park,1,1,urban
32068,Middleburg,1,1,urban
32071,O Brien,10,10,ultra_rural
32073,Orange Park,1,1,urban
32079,Penney Farms,2,2,urban
32080,Saint Augustine,1,1,urban
32081,Ponte Vedra,1,1,urban
32082,Ponte Vedra Beach,1,1,urban
32083,Raiford,10,10,ultra_rural
32084,Saint Augustine,1,1,urban
32085,Saint Augustine,1,1,urban
32086,Saint Augustine,1,1,urban
32087,Sanderson,2,2,urban
32091,Starke,7,7,rural
32092,Saint Augustine,2,2,urban
32094,Wellborn,10,10,ultra_rural
32095,Saint Augustine,1,1,urban
32096,White Springs,5,5,suburban
32097,Yulee,1,1.1,urban
32099,Jacksonville,1,1,urban
32102,Astor,10,10,ultra_rural
32105,Barberville,2,2,urban
32110,Bunnell,2,2,urban
32111,Candler,1,1,urban
32112,Crescent City,2,2,urban
32113,Citra,2,2,urban
32114,Daytona Beach,1,1,urban
32115,Daytona Beach,1,1,urban
32116,Daytona Beach,1,1,urban
32117,Daytona Beach,1,1,urban
32118,Daytona Beach,1,1,urban
32119,Daytona Beach,1,1,urban
32120,Daytona Beach,1,1,urban
32121,Daytona Beach,1,1,urban
32122,Daytona Beach,1,1,urban
32123,Port Orange,1,1,urban
32124,Daytona Beach,1,1,urban
32125,Daytona Beach,1,1,urban
32126,Daytona Beach,1,1,urban
32127,Port Orange,1,1,urban
32128,Port Orange,1,1,urban
32129,Port Orange,1,1,urban
32130,De Leon Springs,1,1,urban
32131,East Palatka,6,6,suburban
32132,Edgewater,1,1,urban
32133,Eastlake Weir,2,2,urban
32134,Fort Mc Coy,2,2,urban
32135,Palm Coast,1,1,urban
32136,Flagler Beach,1,1,urban
32137,Palm Coast,1,1,urban
32138,Grandin,2,2,urban
32139,Georgetown,3,3,urban
32140,Florahome,6,6,suburban
32141,Edgewater,1,1,urban
32142,Palm Coast,1,1,urban
32143,Palm Coast,1,1,urban
32145,Hastings,2,2,urban
32147,Hollister,6,6,suburban
32148,Interlachen,6,6,suburban
32149,Interlachen,5,5,suburban
32157,Lake Como,10,10,ultra_rural
32158,Lady Lake,1,1,urban
32159,Lady Lake,1,1,urban
32160,Lake Geneva,7,7,rural
32162,The Villages,1,1,urban
32163,The Villages,1,1,urban
32164,Palm Coast,1,1,urban
32168,New Smyrna Beach,1,1,urban
32169,New Smyrna Beach,1,1,urban
32170,New Smyrna Beach,1,1,urban
32173,Ormond Beach,1,1,urban
32174,Ormond Beach,1,1,urban
32175,Ormond Beach,1,1,urban
32176,Ormond Beach,1,1,urban
32177,Palatka,4,4,suburban
32178,Palatka,4,4,suburban
32179,Ocklawaha,2,2,urban
32180,Pierson,3,3,urban
32181,Pomona Park,10,10,ultra_rural
32182,Orange Springs,2,2,urban
32183,Ocklawaha,1,1,urban
32185,Putnam Hall,2,2,urban
32187,San Mateo,5,5,suburban
32189,Satsuma,10,10,ultra_rural
32190,Seville,3,3,urban
32192,Sparr,2,2,urban
32193,Welaka,10,10,ultra_rural
32195,Weirsdale,2,2,urban
32198,Daytona Beach,1,1,urban
32201,Jacksonville,1,1,urban
32202,Jacksonville,1,1,urban
32203,Jacksonville,1,1,urban
32204,Jacksonville,1,1,urban
32205,Jacksonville,1,1,urban
32206,Jacksonville,1,1,urban
32207,Jacksonville,1,1,urban
32208,Jacksonville,1,1,urban
32209,Jacksonville,1,1,urban
32210,Jacksonville,1,1,urban
32211,Jacksonville,1,1,urban
32212,Jacksonville,1,1,urban
32214,Jacksonville,1,1,urban
32216,Jacksonville,1,1,urban
32217,Jacksonville,1,1,urban
32218,Jacksonville,1,1,urban
32219,Jacksonville,1,1,urban
32220,Jacksonville,1,1,urban
32221,Jacksonville,1,1,urban
32222,Jacksonville,1,1,urban
32223,Jacksonville,1,1,urban
32224,Jacksonville,1,1,urban
32225,Jacksonville,1,1,urban
32226,Jacksonville,1,1,urban
32227,Jacksonville,1,1,urban
32228,Jacksonville,1,1,urban
32229,Jacksonville,1,1,urban
32231,Jacksonville,1,1,urban
32232,Jacksonville,1,1,urban
32233,Atlantic Beach,1,1,urban
32234,Jacksonville,2,2,urban
32235,Jacksonville,1,1,urban
32236,Jacksonville,1,1,urban
32238,Jacksonville,1,1,urban
32239,Jacksonville,1,1,urban
32240,Jacksonville Beach,1,1,urban
32241,Jacksonville,1,1,urban
32244,Jacksonville,1,1,urban
32245,Jacksonville,1,1,urban
32246,Jacksonville,1,1,urban
32247,Jacksonville,1,1,urban
32250,Jacksonville Beach,1,1,urban
32254,Jacksonville,1,1,urban
32255,Jacksonville,1,1,urban
32256,Jacksonville,1,1,urban
32257,Jacksonville,1,1,urban
32258,Jacksonville,1,1,urban
32259,Saint Johns,1,1,urban
32260,Jacksonville,1,1,urban
32266,Neptune Beach,1,1,urban
32277,Jacksonville,1,1,urban
32301,Tallahassee,1,1,urban
32302,Tallahassee,1,1,urban
32303,Tallahassee,1,1,urban
32304,Tallahassee,1,1,urban
32305,Tallahassee,1,1,urban
32306,Tallahassee,1,1,urban
32307,Tallahassee,1,1,urban
32308,Tallahassee,1,1,urban
32309,Tallahassee,1,1,urban
32310,Tallahassee,1,1,urban
32311,Tallahassee,1,1,urban
32312,Tallahassee,1,1,urban
32313,Tallahassee,1,1,urban
32314,Tallahassee,1,1,urban
32315,Tallahassee,1,1,urban
32316,Tallahassee,1,1,urban
32317,Tallahassee,1,1,urban
32318,Tallahassee,1,1,urban
32320,Apalachicola,10,10,ultra_rural
32321,Bristol,10,10,ultra_rural
32322,Carrabelle,10,10,ultra_rural
32323,Lanark Village,10,10,ultra_rural
32324,Chattahoochee,10,10,ultra_rural
32326,Crawfordville,2,2,urban
32327,Crawfordville,2,2,urban
32328,Eastpoint,10,10,ultra_rural
32329,Apalachicola,10,10,ultra_rural
32330,Greensboro,3,3,urban
32331,Greenville,10,10,ultra_rural
32332,Gretna,2,2,urban
32333,Havana,2,2,urban
32334,Hosford,2,2,urban
32335,Sumatra,3,3,urban
32336,Lamont,2,2,urban
32337,Lloyd,2,2,urban
32340,Madison,10,10,ultra_rural
32341,Madison,10,10,ultra_rural
32343,Midway,2,2,urban
32344,Monticello,2,2,urban
32345,Monticello,2,2,urban
32346,Panacea,3,3,urban
32347,Perry,10,10,ultra_rural
32348,Perry,7,7,rural
32350,Pinetta,3,3,urban
32351,Quincy,2,2,urban
32352,Quincy,2,2,urban
32353,Quincy,2,2,urban
32355,Saint Marks,2,2,urban
32356,Salem,10,10,ultra_rural
32357,Shady Grove,10,10,ultra_rural
32358,Sopchoppy,3,3,urban
32359,Steinhatchee,10,10,ultra_rural
32360,Telogia,2,2,urban
32361,Wacissa,2,2,urban
32362,Woodville,2,2,urban
32399,Tallahassee,1,1,urban
32401,Panama City,1,1,urban
32402,Panama City,1,1,urban
32403,Panama City,10,10,ultra_rural
32404,Panama City,1,1,urban
32405,Panama City,1,1,urban
32406,Panama City,1,1,urban
32407,Panama City Beach,1,1,urban
32408,Panama City,1,1,urban
32409,Panama City,1,1,urban
32410,Mexico Beach,2,2,urban
32411,Panama City,1,1,urban
32412,Panama City,1,1,urban
32413,Panama City Beach,1,1,urban
32417,Panama City,1,1,urban
32420,Alford,9,9,rural
32421,Altha,10,10,ultra_rural
32422,Argyle,2,2,urban
32423,Bascom,9,9,rural
32424,Blountstown,10,10,ultra_rural
32425,Bonifay,10,10,ultra_rural
32426,Campbellton,3,3,urban
32427,Caryville,3,3,urban
32428,Chipley,2,2,urban
32430,Clarksville,3,3,urban
32431,Cottondale,10,10,ultra_rural
32432,Cypress,10,10,ultra_rural
32433,Defuniak Springs,2,2,urban
32434,Mossy Head,3,3,urban
32435,Defuniak Springs,9,9,rural
32437,Ebro,2,2,urban
32438,Fountain,2,2,urban
32439,Freeport,2,2,urban
32440,Graceville,10,10,ultra_rural
32442,Grand Ridge,10,10,ultra_rural
32443,Greenwood,10,10,ultra_rural
32444,Lynn Haven,1,1,urban
32445,Malone,9,9,rural
32446,Marianna,8,8,rural
32447,Marianna,7,7,rural
32448,Marianna,7,7,rural
32449,Wewahitchka,3,3,urban
32452,Noma,10,10,ultra_rural
32455,Ponce de Leon,10,10,ultra_rural
32456,Port Saint Joe,10,10,ultra_rural
32457,Port Saint Joe,10,10,ultra_rural
32459,Santa Rosa Beach,1,1,urban
32460,Sneads,10,10,ultra_rural
32461,Inlet Beach,1,1,urban
32462,Vernon,2,2,urban
32463,Wausau,2,2,urban
32464,Westville,10,10,ultra_rural
32465,Wewahitchka,10,10,ultra_rural
32466,Youngstown,2,2,urban
32501,Pensacola,1,1,urban
32502,Pensacola,1,1,urban
32503,Pensacola,1,1,urban
32504,Pensacola,1,1,urban
32505,Pensacola,1,1,urban
32506,Pensacola,1,1,urban
32507,Pensacola,1,1,urban
32508,Pensacola,1,1,urban
32509,Pensacola,1,1,urban
32511,Pensacola,1,1,urban
32512,Pensacola,1,1,urban
32513,Pensacola,1,1,urban
32514,Pensacola,1,1,urban
32516,Pensacola,1,1,urban
32520,Pensacola,1,1,urban
32521,Pensacola,1,1,urban
32522,Pensacola,1,1,urban
32523,Pensacola,1,1,urban
32524,Pensacola,1,1,urban
32526,Pensacola,1,1,urban
32530,Bagdad,1,1,urban
32531,Baker,2,2,urban
32533,Cantonment,1,1,urban
32534,Pensacola,1,1,urban
32535,Century,2,2,urban
32536,Crestview,2,2,urban
32537,Milligan,2,2,urban
32538,Paxton,3,3,urban
32539,Crestview,2,2,urban
32540,Destin,1,1,urban
32541,Destin,1,1,urban
32542,Eglin AFB,1,1,urban
32544,Hurlburt Field,1,1,urban
32547,Fort Walton Beach,1,1,urban
32548,Fort Walton Beach,1,1,urban
32549,Fort Walton Beach,1,1,urban
32550,Miramar Beach,1,1,urban
32559,Pensacola,1,1,urban
32560,Gonzalez,1,1,urban
32561,Gulf Breeze,1,1,urban
32562,Gulf Breeze,1,1,urban
32563,Gulf Breeze,1,1,urban
32564,Holt,2,2,urban
32565,Jay,10,10.1,ultra_rural
32566,Navarre,1,1,urban
32567,Laurel Hill,2,2,urban
32568,Mc David,2,2,urban
32569,Mary Esther,1,1,urban
32570,Milton,1,1,urban
32571,Milton,1,1,urban
32572,Milton,1,1,urban
32577,Molino,2,2,urban
32578,Niceville,1,1,urban
32579,Shalimar,1,1,urban
32580,Valparaiso,1,1,urban
32583,Milton,2,2,urban
32588,Niceville,1,1,urban
32591,Pensacola,1,1,urban
32601,Gainesville,1,1,urban
32602,Gainesville,1,1,urban
32603,Gainesville,1,1,urban
32604,Gainesville,1,1,urban
32605,Gainesville,1,1,urban
32606,Gainesville,1,1,urban
32607,Gainesville,1,1,urban
32608,Gainesville,1,1,urban
32609,Gainesville,1,1,urban
32610,Gainesville,1,1,urban
32611,Gainesville,1,1,urban
32612,Gainesville,1,1,urban
32614,Gainesville,1,1,urban
32615,Alachua,2,2,urban
32616,Alachua,2,2,urban
32617,Anthony,2,2,urban
32618,Archer,2,2,urban
32619,Bell,10,10,ultra_rural
32621,Bronson,2,2,urban
32622,Brooker,2,2,urban
32625,Cedar Key,10,10,ultra_rural
32626,Chiefland,10,10,ultra_rural
32627,Gainesville,1,1,urban
32628,Cross City,10,10,ultra_rural
32631,Earleton,2,2,urban
32633,Evinston,2,2,urban
32634,Fairfield,3,3,urban
32635,Gainesville,1,1,urban
32639,Gulf Hammock,10,10,ultra_rural
32640,Hawthorne,2,2,urban
32641,Gainesville,1,1,urban
32643,High Springs,2,2,urban
32644,Chiefland,10,10,ultra_rural
32648,Horseshoe Beach,10,10,ultra_rural
32653,Gainesville,1,1,urban
32654,Island Grove,2,2,urban
32655,High Springs,2,2,urban
32656,Keystone Heights,7,7,rural
32658,La Crosse,2,2,urban
32662,Lochloosa,2,2,urban
32663,Lowell,2,2,urban
32664,Mc Intosh,2,2,urban
32666,Melrose,2,2,urban
32667,Micanopy,2,2,urban
32668,Morriston,2,2,urban
32669,Newberry,2,2,urban
32680,Old Town,10,10,ultra_rural
32681,Orange Lake,2,2,urban
32683,Otter Creek,10,10,ultra_rural
32686,Reddick,2,2,urban
32692,Suwannee,10,10,ultra_rural
32693,Trenton,2,2,urban
32694,Waldo,2,2,urban
32696,Williston,2,2,urban
32697,Worthington Springs,3,3,urban
32701,Altamonte Springs,1,1,urban
32702,Altoona,2,2,urban
32703,Apopka,1,1,urban
32704,Apopka,1,1,urban
32706,Cassadaga,1,1,urban
32707,Casselberry,1,1,urban
32708,Winter Springs,1,1,urban
32709,Christmas,2,2,urban
32710,Clarcona,1,1,urban
32712,Apopka,1,1,urban
32713,Debary,1,1,urban
32714,Altamonte Springs,1,1,urban
32715,Altamonte Springs,1,1,urban
32716,Altamonte Springs,1,1,urban
32718,Casselberry,1,1,urban
32719,Winter Springs,1,1,urban
32720,Deland,1,1,urban
32721,Deland,1,1,urban
32722,Glenwood,1,1,urban
32723,Deland,1,1,urban
32724,Deland,1,1,urban
32725,Deltona,1,1,urban
32726,Eustis,1,1,urban
32727,Eustis,1,1,urban
32728,Deltona,1,1,urban
32730,Casselberry,1,1,urban
32732,Geneva,2,2,urban
32733,Goldenrod,1,1,urban
32735,Grand Island,1,1,urban
32736,Eustis,2,2,urban
32738,Deltona,1,1,urban
32739,Deltona,1,1,urban
32744,Lake Helen,1,1,urban
32745,Mid Florida,1,1,urban
32746,Lake Mary,1,1,urban
32747,Lake Monroe,1,1,urban
32750,Longwood,1,1,urban
32751,Maitland,1,1,urban
32752,Longwood,1,1,urban
32753,Debary,1,1,urban
32754,Mims,1,1.1,urban
32756,Mount Dora,1,1,urban
32757,Mount Dora,1,1,urban
32759,Oak Hill,1,1,urban
32762,Oviedo,1,1,urban
32763,Orange City,1,1,urban
32764,Osteen,2,2,urban
32765,Oviedo,1,1,urban
32766,Oviedo,1,1,urban
32767,Paisley,2,2,urban
32768,Plymouth,1,1,urban
32771,Sanford,1,1,urban
32772,Sanford,1,1,urban
32773,Sanford,1,1,urban
32774,Orange City,1,1,urban
32775,Scottsmoor,2,2,urban
32776,Sorrento,2,2,urban
32777,Tangerine,1,1,urban
32778,Tavares,1,1,urban
32779,Longwood,1,1,urban
32780,Titusville,1,1.1,urban
32781,Titusville,1,1.1,urban
32783,Titusville,1,1.1,urban
32784,Umatilla,1,1,urban
32789,Winter Park,1,1,urban
32790,Winter Park,1,1,urban
32791,Longwood,1,1,urban
32792,Winter Park,1,1,urban
32793,Winter Park,1,1,urban
32794,Maitland,1,1,urban
32795,Lake Mary,1,1,urban
32796,Titusville,1,1.1,urban
32798,Zellwood,1,1,urban
32799,Mid Florida,1,1,urban
32801,Orlando,1,1,urban
32802,Orlando,1,1,urban
32803,Orlando,1,1,urban
32804,Orlando,1,1,urban
32805,Orlando,1,1,urban
32806,Orlando,1,1,urban
32807,Orlando,1,1,urban
32808,Orlando,1,1,urban
32809,Orlando,1,1,urban
32810,Orlando,1,1,urban
32811,Orlando,1,1,urban
32812,Orlando,1,1,urban
32814,Orlando,1,1,urban
32815,Orlando,10,10,ultra_rural
32816,Orlando,1,1,urban
32817,Orlando,1,1,urban
32818,Orlando,1,1,urban
32819,Orlando,1,1,urban
32820,Orlando,1,1,urban
32821,Orlando,2,2,urban
32822,Orlando,1,1,urban
32824,Orlando,2,2,urban
32825,Orlando,1,1,urban
32826,Orlando,1,1,urban
32827,Orlando,1,1,urban
32828,Orlando,1,1,urban
32829,Orlando,1,1,urban
32830,Orlando,1,1,urban
32831,Orlando,1,1,urban
32832,Orlando,1,1,urban
32833,Orlando,2,2,urban
32834,Orlando,1,1,urban
32835,Orlando,1,1,urban
32836,Orlando,1,1,urban
32837,Orlando,2,2,urban
32839,Orlando,1,1,urban
32853,Orlando,1,1,urban
32854,Orlando,1,1,urban
32855,Orlando,1,1,urban
32856,Orlando,1,1,urban
32857,Orlando,1,1,urban
32858,Orlando,1,1,urban
32859,Orlando,1,1,urban
32860,Orlando,1,1,urban
32861,Orlando,1,1,urban
32862,Orlando,1,1,urban
32867,Orlando,1,1,urban
32868,Orlando,1,1,urban
32869,Orlando,1,1,urban
32872,Orlando,1,1,urban
32877,Orlando,2,2,urban
32878,Orlando,1,1,urban
32885,Orlando,1,1,urban
32886,Orlando,1,1,urban
32887,Orlando,2,2,urban
32891,Orlando,1,1,urban
32896,Orlando,1,1,urban
32897,Orlando,1,1,urban
32899,Orlando,10,10,ultra_rural
32901,Melbourne,1,1,urban
32902,Melbourne,1,1,urban
32903,Indialantic,1,1,urban
32904,Melbourne,1,1,urban
32905,Palm Bay,1,1,urban
32906,Palm Bay,1,1,urban
32907,Palm Bay,1,1,urban
32908,Palm Bay,1,1,urban
32909,Palm Bay,1,1,urban
32910,Palm Bay,1,1,urban
32911,Palm Bay,1,1,urban
32912,Melbourne,1,1,urban
32919,Melbourne,1,1,urban
32920,Cape Canaveral,1,1,urban
32922,Cocoa,1,1,urban
32923,Cocoa,1,1,urban
32924,Cocoa,1,1,urban
32925,Patrick AFB,1,1,urban
32926,Cocoa,1,1,urban
32927,Cocoa,1,1,urban
32931,Cocoa Beach,1,1,urban
32932,Cocoa Beach,1,1,urban
32934,Melbourne,1,1,urban
32935,Melbourne,1,1,urban
32936,Melbourne,1,1,urban
32937,Satellite Beach,1,1,urban
32940,Melbourne,1,1,urban
32941,Melbourne,1,1,urban
32948,Fellsmere,10,10,ultra_rural
32949,Grant,2,2,urban
32950,Malabar,2,2,urban
32951,Melbourne Beach,1,1,urban
32952,Merritt Island,1,1,urban
32953,Merritt Island,1,1,urban
32954,Merritt Island,1,1,urban
32955,Rockledge,1,1,urban
32956,Rockledge,1,1,urban
32957,Roseland,1,1,urban
32958,Sebastian,1,1,urban
32959,Sharpes,1,1,urban
32960,Vero Beach,1,1,urban
32961,Vero Beach,1,1,urban
32962,Vero Beach,1,1,urban
32963,Vero Beach,1,1,urban
32964,Vero Beach,1,1,urban
32965,Vero Beach,1,1,urban
32966,Vero Beach,1,1,urban
32967,Vero Beach,1,1,urban
32968,Vero Beach,1,1,urban
32969,Vero Beach,1,1,urban
32970,Wabasso,1,1,urban
32971,Winter Beach,1,1,urban
32976,Sebastian,1,1,urban
32978,Sebastian,1,1,urban
33001,Long Key,10,10.3,ultra_rural
33002,Hialeah,1,1,urban
33004,Dania,1,1,urban
33008,Hallandale,1,1,urban
33009,Hallandale,1,1,urban
33010,Hialeah,1,1,urban
33011,Hialeah,1,1,urban
33012,Hialeah,1,1,urban
33013,Hialeah,1,1,urban
33014,Hialeah,1,1,urban
33015,Hialeah,1,1,urban
33016,Hialeah,1,1,urban
33017,Hialeah,1,1,urban
33018,Hialeah,1,1,urban
33019,Hollywood,1,1,urban
33020,Hollywood,1,1,urban
33021,Hollywood,1,1,urban
33022,Hollywood,1,1,urban
33023,Hollywood,1,1,urban
33024,Hollywood,1,1,urban
33025,Hollywood,1,1,urban
33026,Hollywood,1,1,urban
33027,Hollywood,1,1,urban
33028,Pembroke Pines,1,1,urban
33029,Hollywood,1,1,urban
33030,Homestead,1,1,urban
33031,Homestead,2,2,urban
33032,Homestead,1,1,urban
33033,Homestead,1,1,urban
33034,Homestead,1,1,urban
33035,Homestead,1,1,urban
33036,Islamorada,4,4,suburban
33037,Key Largo,4,4,suburban
33039,Homestead,1,1,urban
33040,Key West,4,4,suburban
33041,Key West,4,4,suburban
33042,Summerland Key,7,7.2,rural
33043,Big Pine Key,7,7.2,rural
33045,Key West,4,4,suburban
33050,Marathon,7,7,rural
33051,Key Colony Beach,7,7,rural
33052,Marathon Shores,7,7,rural
33054,Opa Locka,1,1,urban
33055,Opa Locka,1,1,urban
33056,Miami Gardens,1,1,urban
33060,Pompano Beach,1,1,urban
33061,Pompano Beach,1,1,urban
33062,Pompano Beach,1,1,urban
33063,Pompano Beach,1,1,urban
33064,Pompano Beach,1,1,urban
33065,Coral Springs,1,1,urban
33066,Pompano Beach,1,1,urban
33067,Pompano Beach,1,1,urban
33068,Pompano Beach,1,1,urban
33069,Pompano Beach,1,1,urban
33070,Tavernier,4,4,suburban
33071,Coral Springs,1,1,urban
33073,Pompano Beach,1,1,urban
33074,Pompano Beach,1,1,urban
33075,Coral Springs,1,1,urban
33076,Pompano Beach,1,1,urban
33077,Pompano Beach,1,1,urban
33081,Hollywood,1,1,urban
33082,Pembroke Pines,1,1,urban
33083,Hollywood,1,1,urban
33084,Hollywood,1,1,urban
33090,Homestead,1,1,urban
33092,Homestead,1,1,urban
33093,Margate,1,1,urban
33097,Coconut Creek,1,1,urban
33101,Miami,1,1,urban
33102,Miami,1,1,urban
33106,Miami,1,1,urban
33109,Miami Beach,1,1,urban
33111,Miami,1,1,urban
33112,Miami,1,1,urban
33114,Coral Gables,1,1,urban
33116,Miami,1,1,urban
33119,Miami Beach,1,1,urban
33122,Miami,1,1,urban
33124,Miami,1,1,urban
33125,Miami,1,1,urban
33126,Miami,1,1,urban
33127,Miami,1,1,urban
33128,Miami,1,1,urban
33129,Miami,1,1,urban
33130,Miami,1,1,urban
33131,Miami,1,1,urban
33132,Miami,1,1,urban
33133,Miami,1,1,urban
33134,Miami,1,1,urban
33135,Miami,1,1,urban
33136,Miami,1,1,urban
33137,Miami,1,1,urban
33138,Miami,1,1,urban
33139,Miami Beach,1,1,urban
33140,Miami Beach,1,1,urban
33141,Miami Beach,1,1,urban
33142,Miami,1,1,urban
33143,Miami,1,1,urban
33144,Miami,1,1,urban
33145,Miami,1,1,urban
33146,Miami,1,1,urban
33147,Miami,1,1,urban
33149,Key Biscayne,1,1,urban
33150,Miami,1,1,urban
33151,Miami,1,1,urban
33152,Miami,1,1,urban
33153,Miami,1,1,urban
33154,Miami Beach,1,1,urban
33155,Miami,1,1,urban
33156,Miami,1,1,urban
33157,Miami,1,1,urban
33158,Miami,1,1,urban
33160,North Miami Beach,1,1,urban
33161,Miami,1,1,urban
33162,Miami,1,1,urban
33163,Miami,1,1,urban
33164,Miami,1,1,urban
33165,Miami,1,1,urban
33166,Miami,1,1,urban
33167,Miami,1,1,urban
33168,Miami,1,1,urban
33169,Miami,1,1,urban
33170,Miami,1,1,urban
33172,Miami,1,1,urban
33173,Miami,1,1,urban
33174,Miami,1,1,urban
33175,Miami,1,1,urban
33176,Miami,1,1,urban
33177,Miami,1,1,urban
33178,Miami,1,1,urban
33179,Miami,1,1,urban
33180,Miami,1,1,urban
33181,Miami,1,1,urban
33182,Miami,1,1,urban
33183,Miami,1,1,urban
33184,Miami,1,1,urban
33185,Miami,1,1,urban
33186,Miami,1,1,urban
33187,Miami,1,1,urban
33188,Miami,1,1,urban
33189,Miami,1,1,urban
33190,Miami,1,1,urban
33191,Miami,1,1,urban
33192,Miami,1,1,urban
33193,Miami,1,1,urban
33194,Miami,1,1,urban
33195,Miami,1,1,urban
33196,Miami,1,1,urban
33197,Miami,1,1,urban
33198,Miami,1,1,urban
33199,Miami,1,1,urban
33206,Miami,1,1,urban
33222,Miami,1,1,urban
33231,Miami,1,1,urban
33233,Miami,1,1,urban
33234,Miami,1,1,urban
33238,Miami,1,1,urban
33239,Miami Beach,1,1,urban
33242,Miami,1,1,urban
33243,Miami,1,1,urban
33245,Miami,1,1,urban
33247,Miami,1,1,urban
33255,Miami,1,1,urban
33256,Miami,1,1,urban
33257,Miami,1,1,urban
33261,Miami,1,1,urban
33265,Miami,1,1,urban
33266,Miami,1,1,urban
33269,Miami,1,1,urban
33280,Miami,1,1,urban
33283,Miami,1,1,urban
33296,Miami,1,1,urban
33299,Miami,1,1,urban
33301,Fort Lauderdale,1,1,urban
33302,Fort Lauderdale,1,1,urban
33303,Fort Lauderdale,1,1,urban
33304,Fort Lauderdale,1,1,urban
33305,Fort Lauderdale,1,1,urban
33306,Fort Lauderdale,1,1,urban
33307,Fort Lauderdale,1,1,urban
33308,Fort Lauderdale,1,1,urban
33309,Fort Lauderdale,1,1,urban
33310,Fort Lauderdale,1,1,urban
33311,Fort Lauderdale,1,1,urban
33312,Fort Lauderdale,1,1,urban
33313,Fort Lauderdale,1,1,urban
33314,Fort Lauderdale,1,1,urban
33315,Fort Lauderdale,1,1,urban
33316,Fort Lauderdale,1,1,urban
33317,Fort Lauderdale,1,1,urban
33318,Fort Lauderdale,1,1,urban
33319,Fort Lauderdale,1,1,urban
33320,Fort Lauderdale,1,1,urban
33321,Fort Lauderdale,1,1,urban
33322,Fort Lauderdale,1,1,urban
33323,Fort Lauderdale,1,1,urban
33324,Fort Lauderdale,1,1,urban
33325,Fort Lauderdale,1,1,urban
33326,Fort Lauderdale,1,1,urban
33327,Fort Lauderdale,1,1,urban
33328,Fort Lauderdale,1,1,urban
33329,Fort Lauderdale,1,1,urban
33330,Fort Lauderdale,1,1,urban
33331,Fort Lauderdale,1,1,urban
33332,Fort Lauderdale,1,1,urban
33334,Fort Lauderdale,1,1,urban
33335,Fort Lauderdale,1,1,urban
33336,Fort Lauderdale,1,1,urban
33337,Fort Lauderdale,1,1,urban
33338,Fort Lauderdale,1,1,urban
33339,Fort Lauderdale,1,1,urban
33340,Fort Lauderdale,1,1,urban
33345,Fort Lauderdale,1,1,urban
33346,Fort Lauderdale,1,1,urban
33348,Fort Lauderdale,1,1,urban
33349,Fort Lauderdale,1,1,urban
33351,Fort Lauderdale,1,1,urban
33355,Fort Lauderdale,1,1,urban
33359,Fort Lauderdale,1,1,urban
33388,Plantation,1,1,urban
33394,Fort Lauderdale,1,1,urban
33401,West Palm Beach,1,1,urban
33402,West Palm Beach,1,1,urban
33403,West Palm Beach,1,1,urban
33404,West Palm Beach,1,1,urban
33405,West Palm Beach,1,1,urban
33406,West Palm Beach,1,1,urban
33407,West Palm Beach,1,1,urban
33408,North Palm Beach,1,1,urban
33409,West Palm Beach,1,1,urban
33410,Palm Beach Gardens,1,1,urban
33411,West Palm Beach,1,1,urban
33412,West Palm Beach,1,1,urban
33413,West Palm Beach,1,1,urban
33414,Wellington,1,1,urban
33415,West Palm Beach,1,1,urban
33416,West Palm Beach,1,1,urban
33417,West Palm Beach,1,1,urban
33418,Palm Beach Gardens,1,1,urban
33419,West Palm Beach,1,1,urban
33420,West Palm Beach,1,1,urban
33421,Royal Palm Beach,1,1,urban
33422,West Palm Beach,1,1,urban
33424,Boynton Beach,1,1,urban
33425,Boynton Beach,1,1,urban
33426,Boynton Beach,1,1,urban
33427,Boca Raton,1,1,urban
33428,Boca Raton,1,1,urban
33429,Boca Raton,1,1,urban
33430,Belle Glade,2,2,urban
33431,Boca Raton,1,1,urban
33432,Boca Raton,1,1,urban
33433,Boca Raton,1,1,urban
33434,Boca Raton,1,1,urban
33435,Boynton Beach,1,1,urban
33436,Boynton Beach,1,1,urban
33437,Boynton Beach,1,1,urban
33438,Canal Point,2,2,urban
33440,Clewiston,4,4,suburban
33441,Deerfield Beach,1,1,urban
33442,Deerfield Beach,1,1,urban
33443,Deerfield Beach,1,1,urban
33444,Delray Beach,1,1,urban
33445,Delray Beach,1,1,urban
33446,Delray Beach,1,1,urban
33448,Delray Beach,1,1,urban
33449,Lake Worth,1,1,urban
33454,Greenacres,1,1,urban
33455,Hobe Sound,1,1,urban
33458,Jupiter,1,1,urban
33459,Lake Harbor,2,2,urban
33460,Lake Worth Beach,1,1,urban
33461,Lake Worth,1,1,urban
33462,Lake Worth,1,1,urban
33463,Lake Worth,1,1,urban
33464,Boca Raton,1,1,urban
33465,Lake Worth,1,1,urban
33466,Lake Worth,1,1,urban
33467,Lake Worth,1,1,urban
33468,Jupiter,1,1,urban
33469,Jupiter,1,1,urban
33470,Loxahatchee,1,1,urban
33471,Moore Haven,6,6,suburban
33472,Boynton Beach,1,1,urban
33473,Boynton Beach,1,1,urban
33474,Boynton Beach,1,1,urban
33475,Hobe Sound,1,1,urban
33476,Pahokee,2,2,urban
33477,Jupiter,1,1,urban
33478,Jupiter,1,1,urban
33480,Palm Beach,1,1,urban
33481,Boca Raton,1,1,urban
33482,Delray Beach,1,1,urban
33483,Delray Beach,1,1,urban
33484,Delray Beach,1,1,urban
33486,Boca Raton,1,1,urban
33487,Boca Raton,1,1,urban
33488,Boca Raton,1,1,urban
33493,South Bay,2,2,urban
33496,Boca Raton,1,1,urban
33497,Boca Raton,1,1,urban
33498,Boca Raton,1,1,urban
33499,Boca Raton,1,1,urban
33503,Balm,2,2,urban
33508,Brandon,1,1,urban
33509,Brandon,1,1,urban
33510,Brandon,1,1,urban
33511,Brandon,1,1,urban
33513,Bushnell,10,10,ultra_rural
33514,Center Hill,3,3,urban
33521,Coleman,4,4,suburban
33523,Dade City,2,2,urban
33524,Crystal Springs,2,2,urban
33525,Dade City,4,4.1,suburban
33526,Dade City,4,4.1,suburban
33527,Dover,1,1,urban
33530,Durant,1,1,urban
33534,Gibsonton,1,1,urban
33537,Lacoochee,2,2,urban
33538,Lake Panasoffkee,3,3,urban
33539,Zephyrhills,2,2,urban
33540,Zephyrhills,2,2,urban
33541,Zephyrhills,2,2,urban
33542,Zephyrhills,2,2,urban
33543,Wesley Chapel,1,1,urban
33544,Wesley Chapel,1,1,urban
33545,Wesley Chapel,1,1,urban
33547,Lithia,1,1,urban
33548,Lutz,1,1,urban
33549,Lutz,1,1,urban
33550,Mango,1,1,urban
33556,Odessa,1,1,urban
33558,Lutz,1,1,urban
33559,Lutz,1,1,urban
33563,Plant City,1,1,urban
33564,Plant City,1,1,urban
33565,Plant City,2,2,urban
33566,Plant City,1,1,urban
33567,Plant City,1,1,urban
33568,Riverview,1,1,urban
33569,Riverview,1,1,urban
33570,Ruskin,1,1,urban
33571,Sun City Center,1,1,urban
33572,Apollo Beach,1,1,urban
33573,Sun City Center,1,1,urban
33574,Saint Leo,4,4.1,suburban
33575,Ruskin,1,1,urban
33576,San Antonio,2,2,urban
33578,Riverview,1,1,urban
33579,Riverview,1,1,urban
33583,Seffner,1,1,urban
33584,Seffner,1,1,urban
33585,Sumterville,3,3,urban
33586,Sun City,1,1,urban
33587,Sydney,1,1,urban
33592,Thonotosassa,1,1,urban
33593,Trilby,2,2,urban
33594,Valrico,1,1,urban
33595,Valrico,1,1,urban
33596,Valrico,1,1,urban
33597,Webster,3,3,urban
33598,Wimauma,1,1,urban
33601,Tampa,1,1,urban
33602,Tampa,1,1,urban
33603,Tampa,1,1,urban
33604,Tampa,1,1,urban
33605,Tampa,1,1,urban
33606,Tampa,1,1,urban
33607,Tampa,1,1,urban
33608,Tampa,1,1,urban
33609,Tampa,1,1,urban
33610,Tampa,1,1,urban
33611,Tampa,1,1,urban
33612,Tampa,1,1,urban
33613,Tampa,1,1,urban
33614,Tampa,1,1,urban
33615,Tampa,1,1,urban
33616,Tampa,1,1,urban
33617,Tampa,1,1,urban
33618,Tampa,1,1,urban
33619,Tampa,1,1,urban
33620,Tampa,1,1,urban
33621,Tampa,1,1,urban
33622,Tampa,1,1,urban
33623,Tampa,1,1,urban
33624,Tampa,1,1,urban
33625,Tampa,1,1,urban
33626,Tampa,1,1,urban
33629,Tampa,1,1,urban
33630,Tampa,1,1,urban
33631,Tampa,1,1,urban
33633,Tampa,1,1,urban
33634,Tampa,1,1,urban
33635,Tampa,1,1,urban
33637,Tampa,1,1,urban
33646,Tampa,1,1,urban
33647,Tampa,1,1,urban
33650,Tampa,1,1,urban
33655,Tampa,1,1,urban
33660,Tampa,1,1,urban
33664,Tampa,1,1,urban
33672,Tampa,1,1,urban
33673,Tampa,1,1,urban
33674,Tampa,1,1,urban
33675,Tampa,1,1,urban
33677,Tampa,1,1,urban
33679,Tampa,1,1,urban
33680,Tampa,1,1,urban
33681,Tampa,1,1,urban
33682,Tampa,1,1,urban
33684,Tampa,1,1,urban
33685,Tampa,1,1,urban
33686,Tampa,1,1,urban
33687,Tampa,1,1,urban
33688,Tampa,1,1,urban
33689,Tampa,1,1,urban
33694,Tampa,1,1,urban
33701,Saint Petersburg,1,1,urban
33702,Saint Petersburg,1,1,urban
33703,Saint Petersburg,1,1,urban
33704,Saint Petersburg,1,1,urban
33705,Saint Petersburg,1,1,urban
33706,Saint Petersburg,1,1,urban
33707,Saint Petersburg,1,1,urban
33708,Saint Petersburg,1,1,urban
33709,Saint Petersburg,1,1,urban
33710,Saint Petersburg,1,1,urban
33711,Saint Petersburg,1,1,urban
33712,Saint Petersburg,1,1,urban
33713,Saint Petersburg,1,1,urban
33714,Saint Petersburg,1,1,urban
33715,Saint Petersburg,1,1,urban
33716,Saint Petersburg,1,1,urban
33729,Saint Petersburg,1,1,urban
33730,Saint Petersburg,1,1,urban
33731,Saint Petersburg,1,1,urban
33732,Saint Petersburg,1,1,urban
33733,Saint Petersburg,1,1,urban
33734,Saint Petersburg,1,1,urban
33736,Saint Petersburg,1,1,urban
33738,Saint Petersburg,1,1,urban
33740,Saint Petersburg,1,1,urban
33741,Saint Petersburg,1,1,urban
33742,Saint Petersburg,1,1,urban
33743,Saint Petersburg,1,1,urban
33744,Bay Pines,1,1,urban
33747,Saint Petersburg,1,1,urban
33755,Clearwater,1,1,urban
33756,Clearwater,1,1,urban
33757,Clearwater,1,1,urban
33758,Clearwater,1,1,urban
33759,Clearwater,1,1,urban
33760,Clearwater,1,1,urban
33761,Clearwater,1,1,urban
33762,Clearwater,1,1,urban
33763,Clearwater,1,1,urban
33764,Clearwater,1,1,urban
33765,Clearwater,1,1,urban
33766,Clearwater,1,1,urban
33767,Clearwater Beach,1,1,urban
33769,Clearwater,1,1,urban
33770,Largo,1,1,urban
33771,Largo,1,1,urban
33772,Seminole,1,1,urban
33773,Largo,1,1,urban
33774,Largo,1,1,urban
33775,Seminole,1,1,urban
33776,Seminole,1,1,urban
33777,Seminole,1,1,urban
33778,Largo,1,1,urban
33779,Largo,1,1,urban
33780,Pinellas Park,1,1,urban
33781,Pinellas Park,1,1,urban
33782,Pinellas Park,1,1,urban
33784,Saint Petersburg,1,1,urban
33785,Indian Rocks Beach,1,1,urban
33786,Belleair Beach,1,1,urban
33801,Lakeland,1,1,urban
33802,Lakeland,1,1,urban
33803,Lakeland,1,1,urban
33804,Lakeland,1,1,urban
33805,Lakeland,1,1,urban
33806,Lakeland,1,1,urban
33807,Lakeland,1,1,urban
33809,Lakeland,1,1,urban
33810,Lakeland,1,1,urban
33811,Lakeland,1,1,urban
33812,Lakeland,1,1,urban
33813,Lakeland,1,1,urban
33815,Lakeland,1,1,urban
33820,Alturas,2,2,urban
33823,Auburndale,1,1,urban
33825,Avon Park,1,1,urban
33826,Avon Park,1,1,urban
33827,Babson Park,2,2,urban
33830,Bartow,2,2,urban
33831,Bartow,2,2,urban
33834,Bowling Green,9,9,rural
33835,Bradley,10,10,ultra_rural
33836,Davenport,2,2,urban
33837,Davenport,1,1,urban
33838,Dundee,1,1,urban
33839,Eagle Lake,1,1,urban
33840,Eaton Park,1,1,urban
33841,Fort Meade,3,3,urban
33843,Frostproof,7,7,rural
33844,Haines City,1,1,urban
33845,Haines City,1,1,urban
33846,Highland City,1,1,urban
33847,Homeland,3,3,urban
33848,Intercession City,2,2,urban
33849,Kathleen,1,1,urban
33850,Lake Alfred,1,1,urban
33851,Lake Hamilton,1,1,urban
33852,Lake Placid,4,4,suburban
33853,Lake Wales,1,1,urban
33854,Lakeshore,2,2,urban
33855,Indian Lake Estates,2,2,urban
33856,Nalcrest,2,2,urban
33857,Lorida,2,2,urban
33858,Loughman,2,2,urban
33859,Lake Wales,2,2,urban
33860,Mulberry,1,1,urban
33862,Lake Placid,4,4,suburban
33863,Nichols,2,2,urban
33865,Ona,9,9,rural
33867,River Ranch,2,2,urban
33868,Polk City,1,1,urban
33870,Sebring,1,1,urban
33871,Sebring,1,1,urban
33872,Sebring,1,1,urban
33873,Wauchula,7,7,rural
33875,Sebring,1,1,urban
33876,Sebring,2,2,urban
33877,Waverly,1,1,urban
33880,Winter Haven,1,1,urban
33881,Winter Haven,1,1,urban
33882,Winter Haven,1,1,urban
33883,Winter Haven,1,1,urban
33884,Winter Haven,1,1,urban
33885,Winter Haven,1,1,urban
33888,Winter Haven,1,1,urban
33890,Zolfo Springs,9,9,rural
33896,Davenport,2,2,urban
33897,Davenport,2,2,urban
33898,Lake Wales,2,2,urban
33901,Fort Myers,1,1,urban
33902,Fort Myers,1,1,urban
33903,North Fort Myers,1,1,urban
33904,Cape Coral,1,1,urban
33905,Fort Myers,1,1,urban
33906,Fort Myers,1,1,urban
33907,Fort Myers,1,1,urban
33908,Fort Myers,1,1,urban
33909,Cape Coral,1,1,urban
33910,Cape Coral,1,1,urban
33911,Fort Myers,1,1,urban
33912,Fort Myers,1,1,urban
33913,Fort Myers,1,1,urban
33914,Cape Coral,1,1,urban
33915,Cape Coral,1,1,urban
33916,Fort Myers,1,1,urban
33917,North Fort Myers,1,1,urban
33918,North Fort Myers,1,1,urban
33919,Fort Myers,1,1,urban
33920,Alva,2,2,urban
33921,Boca Grande,1,1,urban
33922,Bokeelia,2,2,urban
33924,Captiva,1,1,urban
33927,El Jobean,1,1,urban
33928,Estero,1,1,urban
33929,Estero,1,1,urban
33930,Felda,5,5,suburban
33931,Fort Myers Beach,1,1,urban
33932,Fort Myers Beach,1,1,urban
33935,Labelle,4,4,suburban
33936,Lehigh Acres,1,1,urban
33938,Murdock,1,1,urban
33944,Palmdale,2,2,urban
33945,Pineland,2,2,urban
33946,Placida,1,1,urban
33947,Rotonda West,1,1,urban
33948,Port Charlotte,1,1,urban
33949,Port Charlotte,1,1,urban
33950,Punta Gorda,1,1,urban
33951,Punta Gorda,1,1,urban
33952,Port Charlotte,1,1,urban
33953,Port Charlotte,1,1,urban
33954,Port Charlotte,1,1,urban
33955,Punta Gorda,1,1,urban
33956,Saint James City,7,7,rural
33957,Sanibel,1,1,urban
33960,Venus,3,3,urban
33965,Fort Myers,1,1,urban
33966,Fort Myers,1,1,urban
33967,Fort Myers,1,1,urban
33970,Lehigh Acres,1,1,urban
33971,Lehigh Acres,1,1,urban
33972,Lehigh Acres,1,1,urban
33973,Lehigh Acres,1,1,urban
33974,Lehigh Acres,1,1,urban
33975,Labelle,4,4,suburban
33976,Lehigh Acres,1,1,urban
33980,Punta Gorda,1,1,urban
33981,Port Charlotte,1,1,urban
33982,Punta Gorda,1,1,urban
33983,Punta Gorda,1,1,urban
33990,Cape Coral,1,1,urban
33991,Cape Coral,1,1,urban
33993,Cape Coral,1,1,urban
33994,Fort Myers,1,1,urban
34101,Naples,1,1,urban
34102,Naples,1,1,urban
34103,Naples,1,1,urban
34104,Naples,1,1,urban
34105,Naples,1,1,urban
34106,Naples,1,1,urban
34107,Naples,1,1,urban
34108,Naples,1,1,urban
34109,Naples,1,1,urban
34110,Naples,1,1,urban
34112,Naples,1,1,urban
34113,Naples,1,1,urban
34114,Naples,1,1,urban
34116,Naples,1,1,urban
34117,Naples,2,2,urban
34119,Naples,1,1,urban
34120,Naples,2,2,urban
34133,Bonita Springs,1,1,urban
34134,Bonita Springs,1,1,urban
34135,Bonita Springs,1,1,urban
34136,Bonita Springs,1,1,urban
34137,Copeland,2,2,urban
34138,Chokoloskee,10,10,ultra_rural
34139,Everglades City,10,10,ultra_rural
34140,Goodland,1,1,urban
34141,Ochopee,10,10,ultra_rural
34142,Immokalee,2,2,urban
34143,Immokalee,2,2,urban
34145,Marco Island,1,1,urban
34146,Marco Island,1,1,urban
34201,Bradenton,1,1,urban
34202,Bradenton,1,1,urban
34203,Bradenton,1,1,urban
34204,Bradenton,1,1,urban
34205,Bradenton,1,1,urban
34206,Bradenton,1,1,urban
34207,Bradenton,1,1,urban
34208,Bradenton,1,1,urban
34209,Bradenton,1,1,urban
34210,Bradenton,1,1,urban
34211,Bradenton,1,1,urban
34212,Bradenton,1,1,urban
34215,Cortez,1,1,urban
34216,Anna Maria,1,1,urban
34217,Bradenton Beach,1,1,urban
34218,Holmes Beach,1,1,urban
34219,Parrish,1,1,urban
34220,Palmetto,1,1,urban
34221,Palmetto,1,1,urban
34222,Ellenton,1,1,urban
34223,Englewood,1,1,urban
34224,Englewood,1,1,urban
34228,Longboat Key,1,1,urban
34229,Osprey,1,1,urban
34230,Sarasota,1,1,urban
34231,Sarasota,1,1,urban
34232,Sarasota,1,1,urban
34233,Sarasota,1,1,urban
34234,Sarasota,1,1,urban
34235,Sarasota,1,1,urban
34236,Sarasota,1,1,urban
34237,Sarasota,1,1,urban
34238,Sarasota,1,1,urban
34239,Sarasota,1,1,urban
34240,Sarasota,1,1,urban
34241,Sarasota,1,1,urban
34242,Sarasota,1,1,urban
34243,Sarasota,1,1,urban
34249,Sarasota,1,1,urban
34250,Terra Ceia,1,1,urban
34251,Myakka City,2,2,urban
34260,Sarasota,1,1,urban
34264,Oneco,1,1,urban
34265,Arcadia,4,4,suburban
34266,Arcadia,4,4,suburban
34267,Fort Ogden,4,4,suburban
34268,Nocatee,4,4,suburban
34269,Arcadia,2,2,urban
34270,Tallevast,1,1,urban
34272,Laurel,1,1,urban
34274,Nokomis,1,1,urban
34275,Nokomis,1,1,urban
34276,Sarasota,1,1,urban
34277,Sarasota,1,1,urban
34280,Bradenton,1,1,urban
34281,Bradenton,1,1,urban
34282,Bradenton,1,1,urban
34284,Venice,1,1,urban
34285,Venice,1,1,urban
34286,North Port,1,1,urban
34287,North Port,1,1,urban
34288,North Port,1,1,urban
34289,North Port,1,1,urban
34290,North Port,1,1,urban
34291,North Port,1,1,urban
34292,Venice,1,1,urban
34293,Venice,1,1,urban
34295,Englewood,1,1,urban
34420,Belleview,1,1,urban
34421,Belleview,1,1,urban
34423,Crystal River,2,2,urban
34428,Crystal River,2,2,urban
34429,Crystal River,1,1,urban
34430,Dunnellon,1,1,urban
34431,Dunnellon,3,3,urban
34432,Dunnellon,2,2,urban
34433,Dunnellon,2,2,urban
34434,Dunnellon,1,1,urban
34436,Floral City,2,2,urban
34441,Hernando,1,1,urban
34442,Hernando,1,1,urban
34445,Holder,1,1,urban
34446,Homosassa,2,2,urban
34447,Homosassa Springs,10,10,ultra_rural
34448,Homosassa,1,1,urban
34449,Inglis,8,8,rural
34450,Inverness,1,1,urban
34451,Inverness,1,1,urban
34452,Inverness,1,1,urban
34453,Inverness,1,1,urban
34460,Lecanto,1,1,urban
34461,Lecanto,1,1,urban
34464,Beverly Hills,1,1,urban
34465,Beverly Hills,1,1,urban
34470,Ocala,1,1,urban
34471,Ocala,1,1,urban
34472,Ocala,1,1,urban
34473,Ocala,2,2,urban
34474,Ocala,1,1,urban
34475,Ocala,1,1,urban
34476,Ocala,1,1,urban
34477,Ocala,1,1,urban
34478,Ocala,1,1,urban
34479,Ocala,1,1,urban
34480,Ocala,1,1,urban
34481,Ocala,1,1,urban
34482,Ocala,2,2,urban
34483,Ocala,1,1,urban
34484,Oxford,1,1,urban
34487,Homosassa,10,10,ultra_rural
34488,Silver Springs,2,2,urban
34489,Silver Springs,1,1,urban
34491,Summerfield,1,1,urban
34492,Summerfield,2,2,urban
34498,Yankeetown,8,8,rural
34601,Brooksville,4,4,suburban
34602,Brooksville,10,10,ultra_rural
34603,Brooksville,4,4,suburban
34604,Brooksville,1,1.1,urban
34605,Brooksville,4,4,suburban
34606,Spring Hill,1,1.1,urban
34607,Spring Hill,1,1.1,urban
34608,Spring Hill,1,1.1,urban
34609,Spring Hill,1,1.1,urban
34610,Spring Hill,1,1.1,urban
34611,Spring Hill,1,1.1,urban
34613,Brooksville,1,1.1,urban
34614,Brooksville,2,2,urban
34636,Istachatta,3,3,urban
34637,Land O Lakes,1,1,urban
34638,Land O Lakes,1,1,urban
34639,Land O Lakes,1,1,urban
34652,New Port Richey,1,1,urban
34653,New Port Richey,1,1,urban
34654,New Port Richey,1,1,urban
34655,New Port Richey,1,1,urban
34656,New Port Richey,1,1,urban
34660,Ozona,1,1,urban
34661,Nobleton,3,3,urban
34667,Hudson,1,1,urban
34668,Port Richey,1,1,urban
34669,Hudson,1,1.1,urban
34673,Port Richey,1,1,urban
34674,Hudson,1,1,urban
34677,Oldsmar,1,1,urban
34679,Aripeka,1,1,urban
34680,Elfers,1,1,urban
34681,Crystal Beach,1,1,urban
34682,Palm Harbor,1,1,urban
34683,Palm Harbor,1,1,urban
34684,Palm Harbor,1,1,urban
34685,Palm Harbor,1,1,urban
34688,Tarpon Springs,1,1,urban
34689,Tarpon Springs,1,1,urban
34690,Holiday,1,1,urban
34691,Holiday,1,1,urban
34692,Holiday,1,1,urban
34695,Safety Harbor,1,1,urban
34697,Dunedin,1,1,urban
34698,Dunedin,1,1,urban
34705,Astatula,2,2,urban
34711,Clermont,1,1,urban
34712,Clermont,1,1,urban
34713,Clermont,2,2,urban
34714,Clermont,2,2,urban
34715,Clermont,1,1,urban
34729,Ferndale,2,2,urban
34731,Fruitland Park,1,1,urban
34734,Gotha,1,1,urban
34736,Groveland,1,1,urban
34737,Howey in the Hills,1,1,urban
34739,Kenansville,2,2,urban
34740,Killarney,1,1,urban
34741,Kissimmee,2,2,urban
34742,Kissimmee,2,2,urban
34743,Kissimmee,2,2,urban
34744,Kissimmee,2,2,urban
34745,Kissimmee,2,2,urban
34746,Kissimmee,2,2,urban
34747,Kissimmee,1,1,urban
34748,Leesburg,1,1,urban
34749,Leesburg,1,1,urban
34753,Mascotte,1,1,urban
34755,Minneola,1,1,urban
34756,Montverde,2,2,urban
34758,Kissimmee,2,2,urban
34759,Kissimmee,2,2,urban
34760,Oakland,1,1,urban
34761,Ocoee,1,1,urban
34762,The Villages,1,1,urban
34769,Saint Cloud,2,2,urban
34770,Saint Cloud,2,2,urban
34771,Saint Cloud,2,2,urban
34772,Saint Cloud,2,2,urban
34773,Saint Cloud,2,2,urban
34777,Winter Garden,1,1,urban
34778,Winter Garden,1,1,urban
34785,Wildwood,4,4,suburban
34786,Windermere,1,1,urban
34787,Winter Garden,1,1,urban
34788,Leesburg,1,1,urban
34789,Leesburg,1,1,urban
34797,Yalaha,1,1,urban
34945,Fort Pierce,2,2,urban
34946,Fort Pierce,1,1,urban
34947,Fort Pierce,1,1,urban
34948,Fort Pierce,1,1,urban
34949,Fort Pierce,1,1,urban
34950,Fort Pierce,1,1,urban
34951,Fort Pierce,1,1,urban
34952,Port Saint Lucie,1,1,urban
34953,Port Saint Lucie,1,1,urban
34954,Fort Pierce,1,1,urban
34956,Indiantown,2,2,urban
34957,Jensen Beach,1,1,urban
34958,Jensen Beach,1,1,urban
34972,Okeechobee,4,4,suburban
34973,Okeechobee,4,4,suburban
34974,Okeechobee,4,4,suburban
34979,Fort Pierce,1,1,urban
34981,Fort Pierce,1,1,urban
34982,Fort Pierce,1,1,urban
34983,Port Saint Lucie,1,1,urban
34984,Port Saint Lucie,1,1,urban
34985,Port Saint Lucie,1,1,urban
34986,Port Saint Lucie,1,1,urban
34987,Port Saint Lucie,1,1,urban
34988,Port Saint Lucie,2,2,urban
34990,Palm City,1,1,urban
34991,Palm City,1,1,urban
34992,Port Salerno,1,1,urban
34994,Stuart,1,1,urban
34995,Stuart,1,1,urban
34996,Stuart,1,1,urban
34997,Stuart,1,1,urban
